{
  "AbsMag": {
    "Sol": 4.85,
    "Proxima Centauri": 15.48901452,
    "Rigel Kentaurus A": 4.36237068,
    "Rigel Kentaurus B": 5.69237068,
    "Barnard's Star": 13.24790128,
    "Gl 406": 16.55743932,
    "Lalande 21185": 10.44864499,
    "Sirius": 1.464398907,
    "Gl 244 B": 11.33439891,
    "UV Ceti A": 15.47291438,
    "UV Ceti B": 15.60291438,
    "Gl 729": 13.09479628,
    "18 Epsilon Eridani": 6.192055687,
    "Gl 905": 14.78568497,
    "Gl 447": 13.50256408,
    "Lacaille 9352": 9.7536535,
    "EZ Aquarii": 15.00395131,
    "Procyon": 2.661298621,
    "Gl 280 B": 12.98129862,
    "Gl 725 B": 11.9802587,
    "61 Cygni A": 7.500392855,
    "61 Cygni B": 8.307422009,
    "DX Cancri": 17.01297131,
    "GX Andromedae": 10.31788307,
    "GQ Andromedae": 13.29788307,
    "52 Tau Ceti": 5.68009966,
    "Gl 725": 11.13796054,
    "Epsilon Indi": 6.892656352,
    "Luyten's Star": 11.95192438,
    "Kapteyn's Star": 10.88491382,
    "Lacaille 8760": 8.688775957,
    "Krüger 60": 11.83552681,
    "DO Cephei": 13.28552681,
    "V577 Monocerotis A": 13.05704817,
    "V577 Monocerotis B": 16.52704817,
    "GJ 1061": 14.86677961,
    "FL Virginis A": 14.86931108,
    "FL Virginis B": 15.12931108,
    "Gl 563.2B": 13.91755585,
    "BD-12°4523": 11.93080683,
    "Gl 1": 10.34230436,
    "Van Maanen's Star": 14.15965094,
    "Hip 15689": 13.94442971,
    "Gl 563.2": 13.38980771,
    "Gl 674": 11.0863535,
    "Gl 687": 10.90048702,
    "Gl 83.1": 14.02930041,
    "NN 3522": 12.64124009,
    "Innes' Star": 15.65957593,
    "NN 3622": 17.32196137,
    "Gl 440": 13.17628628,
    "Hip 114110": 13.91749009
  },
  "Zg": {
    "Sol": 0,
    "Proxima Centauri": 0,
    "Rigel Kentaurus A": 0,
    "Rigel Kentaurus B": 0,
    "Barnard's Star": 0.4,
    "Gl 406": 2,
    "Lalande 21185": 2.3,
    "Sirius": -0.4,
    "Gl 244 B": -0.4,
    "UV Ceti A": -2.5,
    "UV Ceti B": -2.5,
    "Gl 729": -0.5,
    "18 Epsilon Eridani": -2.4,
    "Gl 905": -0.9,
    "Gl 447": 2.9,
    "Lacaille 9352": -3,
    "EZ Aquarii": -2.8,
    "Procyon": 0.8,
    "Gl 280 B": 0.8,
    "Gl 725 B": 1.4,
    "61 Cygni A": -0.4,
    "61 Cygni B": -0.4,
    "DX Cancri": 1.9,
    "GX Andromedae": -1.1,
    "GQ Andromedae": -1.1,
    "52 Tau Ceti": -3.5,
    "Gl 725": 1.5,
    "Epsilon Indi": -2.7,
    "Luyten's Star": 0.7,
    "Kapteyn's Star": -2.3,
    "Lacaille 8760": -2.8,
    "Krüger 60": 0,
    "DO Cephei": 0,
    "V577 Monocerotis A": -0.4,
    "V577 Monocerotis B": -0.4,
    "GJ 1061": -3.4,
    "FL Virginis A": 4.1,
    "FL Virginis B": 4.1,
    "Gl 563.2B": 2.1,
    "BD-12°4523": 1.7,
    "Gl 1": -4.2,
    "Van Maanen's Star": -3.7,
    "Hip 15689": -3.5,
    "Gl 563.2": 2.2,
    "Gl 674": -0.5,
    "Gl 687": 2.4,
    "Gl 83.1": -3.2,
    "NN 3522": 2.4,
    "Innes' Star": -0.2,
    "NN 3622": 3,
    "Gl 440": -0.2,
    "Hip 114110": -4.1
  },
  "Yg": {
    "Sol": 0,
    "Proxima Centauri": -0.9,
    "Rigel Kentaurus A": -0.9,
    "Rigel Kentaurus B": -0.9,
    "Barnard's Star": 0.9,
    "Gl 406": -1.2,
    "Lalande 21185": -0.1,
    "Sirius": -1.9,
    "Gl 244 B": -1.9,
    "UV Ceti A": 0.1,
    "UV Ceti B": 0.1,
    "Gl 729": 0.6,
    "18 Epsilon Eridani": -0.6,
    "Gl 905": 2.8,
    "Gl 447": -1.7,
    "Lacaille 9352": 0.1,
    "EZ Aquarii": 1.4,
    "Procyon": -1.9,
    "Gl 280 B": -1.9,
    "Gl 725 B": 3.2,
    "61 Cygni A": 3.4,
    "61 Cygni B": 3.5,
    "DX Cancri": -0.9,
    "GX Andromedae": 3,
    "GQ Andromedae": 3,
    "52 Tau Ceti": 0.1,
    "Gl 725": 3.3,
    "Epsilon Indi": -1,
    "Luyten's Star": -2,
    "Kapteyn's Star": -3,
    "Lacaille 8760": 0.2,
    "Krüger 60": 3.9,
    "DO Cephei": 3.9,
    "V577 Monocerotis A": -2.2,
    "V577 Monocerotis B": -2.2,
    "GJ 1061": -2.5,
    "FL Virginis A": -1.3,
    "FL Virginis B": -1.3,
    "Gl 563.2B": -1.6,
    "BD-12°4523": 0.2,
    "Gl 1": -0.3,
    "Van Maanen's Star": 2,
    "Hip 15689": -0.9,
    "Gl 563.2": -1.7,
    "Gl 674": -1.3,
    "Gl 687": 3.8,
    "Gl 83.1": 1.6,
    "NN 3522": -2.4,
    "Innes' Star": -4.3,
    "NN 3622": -3.4,
    "Gl 440": -4.1,
    "Hip 114110": 1.7
  },
  "Xg": {
    "Sol": 0,
    "Proxima Centauri": 0.9,
    "Rigel Kentaurus A": 1,
    "Rigel Kentaurus B": 1,
    "Barnard's Star": 1.5,
    "Gl 406": -0.6,
    "Lalande 21185": -1.1,
    "Sirius": -1.8,
    "Gl 244 B": -1.8,
    "UV Ceti A": -0.6,
    "UV Ceti B": -0.6,
    "Gl 729": 2.9,
    "18 Epsilon Eridani": -2.1,
    "Gl 905": -1,
    "Gl 447": 0,
    "Lacaille 9352": 1.3,
    "EZ Aquarii": 1.3,
    "Procyon": -2.8,
    "Gl 280 B": -2.8,
    "Gl 725 B": 0,
    "61 Cygni A": 0.5,
    "61 Cygni B": 0.5,
    "DX Cancri": -2.9,
    "GX Andromedae": -1.5,
    "GQ Andromedae": -1.5,
    "52 Tau Ceti": -1,
    "Gl 725": 0,
    "Epsilon Indi": 2.2,
    "Luyten's Star": -3.2,
    "Kapteyn's Star": -1.1,
    "Lacaille 8760": 2.8,
    "Krüger 60": -1,
    "DO Cephei": -1,
    "V577 Monocerotis A": -3.4,
    "V577 Monocerotis B": -3.4,
    "GJ 1061": -0.8,
    "FL Virginis A": 0.4,
    "FL Virginis B": 0.4,
    "Gl 563.2B": 3.3,
    "BD-12°4523": 3.9,
    "Gl 1": 1,
    "Van Maanen's Star": -1.3,
    "Hip 15689": -2.5,
    "Gl 563.2": 3.5,
    "Gl 674": 4.3,
    "Gl 687": -0.6,
    "Gl 83.1": -2.6,
    "NN 3522": -2.9,
    "Innes' Star": 1.4,
    "NN 3622": -0.5,
    "Gl 440": 2,
    "Hip 114110": 1.2
  },
  "Distance": {
    "Sol": 0,
    "Proxima Centauri": 1.3,
    "Rigel Kentaurus A": 1.3,
    "Rigel Kentaurus B": 1.3,
    "Barnard's Star": 1.8,
    "Gl 406": 2.4,
    "Lalande 21185": 2.5,
    "Sirius": 2.6,
    "Gl 244 B": 2.6,
    "UV Ceti A": 2.6,
    "UV Ceti B": 2.6,
    "Gl 729": 3,
    "18 Epsilon Eridani": 3.2,
    "Gl 905": 3.2,
    "Gl 447": 3.3,
    "Lacaille 9352": 3.3,
    "EZ Aquarii": 3.4,
    "Procyon": 3.5,
    "Gl 280 B": 3.5,
    "Gl 725 B": 3.5,
    "61 Cygni A": 3.5,
    "61 Cygni B": 3.5,
    "DX Cancri": 3.6,
    "GX Andromedae": 3.6,
    "GQ Andromedae": 3.6,
    "52 Tau Ceti": 3.6,
    "Gl 725": 3.6,
    "Epsilon Indi": 3.6,
    "Luyten's Star": 3.8,
    "Kapteyn's Star": 3.9,
    "Lacaille 8760": 3.9,
    "Krüger 60": 4,
    "DO Cephei": 4,
    "V577 Monocerotis A": 4.1,
    "V577 Monocerotis B": 4.1,
    "GJ 1061": 4.3,
    "FL Virginis A": 4.3,
    "FL Virginis B": 4.3,
    "Gl 563.2B": 4.3,
    "BD-12°4523": 4.3,
    "Gl 1": 4.4,
    "Van Maanen's Star": 4.4,
    "Hip 15689": 4.4,
    "Gl 563.2": 4.5,
    "Gl 674": 4.5,
    "Gl 687": 4.5,
    "Gl 83.1": 4.5,
    "NN 3522": 4.5,
    "Innes' Star": 4.5,
    "NN 3622": 4.5,
    "Gl 440": 4.6,
    "Hip 114110": 4.6
  },
  "Spectral Class": {
    "Sol": "G2V",
    "Proxima Centauri": "M5Ve",
    "Rigel Kentaurus A": "G2V",
    "Rigel Kentaurus B": "K1V",
    "Barnard's Star": "sdM4",
    "Gl 406": "M6",
    "Lalande 21185": "M2V",
    "Sirius": "A0m...",
    "Gl 244 B": "DA2",
    "UV Ceti A": "dM5.5e",
    "UV Ceti B": "dM5.5e",
    "Gl 729": "M3.5Ve",
    "18 Epsilon Eridani": "K2V",
    "Gl 905": "dM6 e",
    "Gl 447": "M4.5V",
    "Lacaille 9352": "M2/M3V",
    "EZ Aquarii": "M5 e",
    "Procyon": "F5IV-V",
    "Gl 280 B": "DA",
    "Gl 725 B": "K5",
    "61 Cygni A": "K5V",
    "61 Cygni B": "K7V",
    "DX Cancri": "M6.5",
    "GX Andromedae": "M1V",
    "GQ Andromedae": "M6 Ve",
    "52 Tau Ceti": "G8V",
    "Gl 725": "K5",
    "Epsilon Indi": "K5V",
    "Luyten's Star": "M5",
    "Kapteyn's Star": "M0V",
    "Lacaille 8760": "M1/M2V",
    "Krüger 60": "M2V",
    "DO Cephei": "M6 V",
    "V577 Monocerotis A": "M4.5Ve",
    "V577 Monocerotis B": "",
    "GJ 1061": "M4.5",
    "FL Virginis A": "dM5.5eJ",
    "FL Virginis B": "M7",
    "Gl 563.2B": "M",
    "BD-12°4523": "M4",
    "Gl 1": "M2V",
    "Van Maanen's Star": "DG",
    "Hip 15689": "",
    "Gl 563.2": "M",
    "Gl 674": "K5",
    "Gl 687": "M3.5Vvar",
    "Gl 83.1": "dM8 e",
    "NN 3522": "k",
    "Innes' Star": "m",
    "NN 3622": "M6.5",
    "Gl 440": "DC:",
    "Hip 114110": ""
  },
  "Display Name": {
    "Sol": "",
    "Proxima Centauri": "Gl 551",
    "Rigel Kentaurus A": "Gl 559",